{
    "contents":[
          {
            "content": ["本人于2019年暑假加入字节跳动进行前端开发实习，实习过程中负责后台管理员管理系统的页面制作。完成了旧系统从老框架到新框架的迁移工作。完成产品同事的各项需求（包括爬虫抓取图片，细节优化等）。通过实习熟练掌握了前端开发的相关知识，熟悉了前后端的信息交互，优化了代码习惯。提升了工程经验。",
              "",
              "部分项目经验:",
              "项目1 车型库管理MIS后台",
              "项目2 MIS后台旧框架的迁移",
              "项目3 供应商手机端需求预定页面",
              "",
              "最后，在19年的实习过程中，本人的代码能力有了长足的进步，也越来越习惯长时间的工作生活。也要特别感谢字节跳动愿意给予去年初学前端的我一个工作的机会QAQ！"],
            "title":"字节跳动前端实习",
            "timestamp": "2019-07  至  2019-10",
            "type":"warning",
            "size":"large"
          }, 
          {
            "content":[ "现今伴随着人工智能方向的火热，越来越多的研究人员致力于算法方向的研究。",
              "该项目旨在从论文网站抓取算法相关论文，并对这些论文进行统计和分类，再进行可视化呈现。以此来查看近年来不同算法在不同会议中的出现趋势。供相关研究和学习人员使用。",
              "项目中使用到的相关技术包括：Vue/ E-charts/ Element-UI/ Python/ Vue-Router/ Axios 等。",
              "",
              "部分项目中工作:",
              "工作1 Python爬虫抓取论文相关数据",
              "工作2 前端页面制作，以及数据可视化呈现",
              "工作3 将数据存储到MongoDB数据中，同时使用Elastic Search建立索引"],
            "title":"大学生创业创业竞赛",
            "timestamp": "2019-06  至  今",
            "type":"success",
            "size":"large"
          }, 
          {
            "content":["项目基于Arduino语言和Mega Board 2560，制作了一款装配有包括蓝牙传感器、超声波传感器等多种传感器在内的导盲小车。该小车实现了自动测距并避障，红外/蓝牙遥控等多种功能。",
              "",
              "部分项目中工作:",
              "工作1 用Arduino语言完成了小车运行逻辑等的代码制作",
              "工作2 设计了一个安卓端的app，用以蓝牙遥控导盲小车"],
            "title":"基于Arduino语言的导盲小车制作",
            "timestamp": "2019-06 至 2019-09",
            "type":"primary",
            "size":"large"
          },
          {
            "content": ["本人参与学校组织的菁英领袖双创营，赴伦敦玛丽女皇大学参与交换项目，熟悉双语环境的交流学习。"],
            "title":"菁英领袖双创营项目",
            "timestamp": "2019-01 至 2019-01",
            "type":"primary",
            "size":"large"
          },
          {
            "content": ["本人参与校内计算机实习工作，基于C语言设计了一款简单的体育场馆预订系统。",
              "由于当时参与这项课程任务的时候所学尚浅，因此有许多知识尚未掌握。在项目中遇到问题的时候，作为项目组的组长，往往负责快速学习相关知识然后再带领大家一起解决问题。"],
            "title":"基于C语言的体育场馆预订系统",
            "timestamp": "2018-09",
            "type":"primary",
            "size":"large"
          }
          
    ]
}